--DEPARTMENT
INSERT INTO DEPARTMENT (ID, NAME, HEAD) VALUES (1, 'Организация', NULL);
INSERT INTO DEPARTMENT (ID, NAME, HEAD) VALUES (11, 'Руководство', 1);
INSERT INTO DEPARTMENT (ID, NAME, HEAD) VALUES (12, 'Отдел сбыта', 1);
INSERT INTO DEPARTMENT (ID, NAME, HEAD) VALUES (13, 'ИТ отдел', 1);
INSERT INTO DEPARTMENT (ID, NAME, HEAD) VALUES (14, 'Бухгалтерия', 1);
INSERT INTO DEPARTMENT (ID, NAME, HEAD) VALUES (15, 'Юридический отдел', 1);
INSERT INTO DEPARTMENT (ID, NAME, HEAD) VALUES (16, 'Отдел кадров', 1);
INSERT INTO DEPARTMENT (ID, NAME, HEAD) VALUES (17, 'Производственный отдел', 1);
INSERT INTO DEPARTMENT (ID, NAME, HEAD) VALUES (18, 'Хозяйственный отдел', 1);

--PROFESSION
INSERT INTO PROFESSION (ID, NAME) VALUES (11, 'Генеральный директор');
INSERT INTO PROFESSION (ID, NAME) VALUES (12, 'Начальник отдела');
INSERT INTO PROFESSION (ID, NAME) VALUES (13, 'Главный специалист');
INSERT INTO PROFESSION (ID, NAME) VALUES (14, 'Ведущий специалист');
INSERT INTO PROFESSION (ID, NAME) VALUES (15, 'Старший специалист');
INSERT INTO PROFESSION (ID, NAME) VALUES (16, 'Специалист');
INSERT INTO PROFESSION (ID, NAME) VALUES (17, 'Инженер');

--EMPLOYEES
INSERT INTO EMPLOYEES (ID, FIO) VALUES (1, 'Кривонос Дмитрий Феликсович');
INSERT INTO EMPLOYEES (ID, FIO) VALUES (2, 'Сафонов Фома Капитонович');
INSERT INTO EMPLOYEES (ID, FIO) VALUES (3, 'Нутрихина Стела Святославовна');
INSERT INTO EMPLOYEES (ID, FIO) VALUES (4, 'Есенина Ева Семеновна');
INSERT INTO EMPLOYEES (ID, FIO) VALUES (5, 'Невский Никифор Ипатиевич');
INSERT INTO EMPLOYEES (ID, FIO) VALUES (6, 'Подкользина Лиана Игнатиевна');
INSERT INTO EMPLOYEES (ID, FIO) VALUES (7, 'Медведков Артемий Якубович');
INSERT INTO EMPLOYEES (ID, FIO) VALUES (8, 'Заседателев Демьян Елисеевич');
INSERT INTO EMPLOYEES (ID, FIO) VALUES (9, 'Огородников Ипполит Ефремович');
INSERT INTO EMPLOYEES (ID, FIO) VALUES (10, 'Капица Анастасия Брониславовна');
INSERT INTO EMPLOYEES (ID, FIO) VALUES (11, 'Александрова Елена Карповна');
INSERT INTO EMPLOYEES (ID, FIO) VALUES (12, 'Ожегов Роман Михаилович');
INSERT INTO EMPLOYEES (ID, FIO) VALUES (13, 'Веселкова Светлана Елизаровна');
INSERT INTO EMPLOYEES (ID, FIO) VALUES (14, 'Саянкова Ираида Афанасиевна');
INSERT INTO EMPLOYEES (ID, FIO) VALUES (15, 'Дементьева Злата Павеловна');
INSERT INTO EMPLOYEES (ID, FIO) VALUES (16, 'Хейчеева Инесса Вячеславовна');
INSERT INTO EMPLOYEES (ID, FIO) VALUES (17, 'Сияновича Галина Евгениевна');
INSERT INTO EMPLOYEES (ID, FIO) VALUES (18, 'Унтилова Светлана Родионовна');
INSERT INTO EMPLOYEES (ID, FIO) VALUES (19, 'Попов Владилен Кириллович');
INSERT INTO EMPLOYEES (ID, FIO) VALUES (20, 'Москвитина Оксана Брониславовна');
INSERT INTO EMPLOYEES (ID, FIO) VALUES (21, 'Никитенко Константин Самсонович');
INSERT INTO EMPLOYEES (ID, FIO) VALUES (22, 'Шангин Тимур Тихонович');
INSERT INTO EMPLOYEES (ID, FIO) VALUES (23, 'Пирожков Тимур Егорович');
INSERT INTO EMPLOYEES (ID, FIO) VALUES (24, 'Лассмана Елена Антониновна');
INSERT INTO EMPLOYEES (ID, FIO) VALUES (25, 'Брюханов Агап Назарович');
INSERT INTO EMPLOYEES (ID, FIO) VALUES (26, 'Плеханова Злата Данилевна');
INSERT INTO EMPLOYEES (ID, FIO) VALUES (27, 'Белочкин Феофан Викентиевич');
INSERT INTO EMPLOYEES (ID, FIO) VALUES (28, 'Казак Филипп Эрнестович');
INSERT INTO EMPLOYEES (ID, FIO) VALUES (29, 'Мордвинов Геннадий Елизарович');
INSERT INTO EMPLOYEES (ID, FIO) VALUES (30, 'Коротченко Пелагея Вячеславовна');
INSERT INTO EMPLOYEES (ID, FIO) VALUES (31, 'Кураев Семён Ильевич');
INSERT INTO EMPLOYEES (ID, FIO) VALUES (32, 'Янаева Алина Романовна');
INSERT INTO EMPLOYEES (ID, FIO) VALUES (33, 'Левтев Измаил Натанович');
INSERT INTO EMPLOYEES (ID, FIO) VALUES (34, 'Лысова Таисия Святославовна');
INSERT INTO EMPLOYEES (ID, FIO) VALUES (35, 'Мозговой Ульяна Алексеевна');
INSERT INTO EMPLOYEES (ID, FIO) VALUES (36, 'Блок Никифор Никифорович');
INSERT INTO EMPLOYEES (ID, FIO) VALUES (37, 'Алеева Диана Потаповна');
INSERT INTO EMPLOYEES (ID, FIO) VALUES (38, 'Салтыков Ярослав Леонович');
INSERT INTO EMPLOYEES (ID, FIO) VALUES (39, 'Елисеева Зоя Владленовна');
INSERT INTO EMPLOYEES (ID, FIO) VALUES (40, 'Чаадаева Мирослава Святославовна');
INSERT INTO EMPLOYEES (ID, FIO) VALUES (41, 'Гайдук Адам Никанорович');
INSERT INTO EMPLOYEES (ID, FIO) VALUES (42, 'Коновалов Лука Серафимович');
INSERT INTO EMPLOYEES (ID, FIO) VALUES (43, 'Опекунов Тихон Юриевич');
INSERT INTO EMPLOYEES (ID, FIO) VALUES (44, 'Максудов Максимильян Тихонович');
INSERT INTO EMPLOYEES (ID, FIO) VALUES (45, 'Вотяков Евстигней Аникитевич');
INSERT INTO EMPLOYEES (ID, FIO) VALUES (46, 'Лероев Святослав Капитонович');
INSERT INTO EMPLOYEES (ID, FIO) VALUES (47, 'Цейдлерин Изяслав Пахомович');
INSERT INTO EMPLOYEES (ID, FIO) VALUES (48, 'Пирогова Алина Родионовна');
INSERT INTO EMPLOYEES (ID, FIO) VALUES (49, 'Ерофеева Дина Василиевна');
INSERT INTO EMPLOYEES (ID, FIO) VALUES (50, 'Кондюрин Давид Валериевич');
INSERT INTO EMPLOYEES (ID, FIO) VALUES (51, 'Гринин Кирилл Аникитевич');
INSERT INTO EMPLOYEES (ID, FIO) VALUES (52, 'Болсунов Богдан Михеевич');
INSERT INTO EMPLOYEES (ID, FIO) VALUES (53, 'Панькив Макар Казимирович');
INSERT INTO EMPLOYEES (ID, FIO) VALUES (54, 'Осминин Борис Макарович');
INSERT INTO EMPLOYEES (ID, FIO) VALUES (55, 'Яльцева Жанна Георгиевна');
INSERT INTO EMPLOYEES (ID, FIO) VALUES (56, 'Нечаева Всеслава Иосифовна');
INSERT INTO EMPLOYEES (ID, FIO) VALUES (57, 'Яндукина Инга Степановна');
INSERT INTO EMPLOYEES (ID, FIO) VALUES (58, 'Ябловский Святослав Федотович');
INSERT INTO EMPLOYEES (ID, FIO) VALUES (59, 'Калнберзин Мирон Брониславович');
INSERT INTO EMPLOYEES (ID, FIO) VALUES (60, 'Шубин Всеслав Владиславович');
INSERT INTO EMPLOYEES (ID, FIO) VALUES (61, 'Кулибин Остап Филиппович');
INSERT INTO EMPLOYEES (ID, FIO) VALUES (62, 'Михеев Архип Игоревич');
INSERT INTO EMPLOYEES (ID, FIO) VALUES (63, 'Бояринова Светлана Карповна');
INSERT INTO EMPLOYEES (ID, FIO) VALUES (64, 'Горчаков Трофим Эрнстович');
INSERT INTO EMPLOYEES (ID, FIO) VALUES (65, 'Ибрагимова Анисья Кузьмевна');
INSERT INTO EMPLOYEES (ID, FIO) VALUES (66, 'Сочеванова Милена Захаровна');
INSERT INTO EMPLOYEES (ID, FIO) VALUES (67, 'Яцкевич Евстигней Анатолиевич');
INSERT INTO EMPLOYEES (ID, FIO) VALUES (68, 'Яхненко Мария Владиленовна');
INSERT INTO EMPLOYEES (ID, FIO) VALUES (69, 'Титова Ника Феликсовна');
INSERT INTO EMPLOYEES (ID, FIO) VALUES (70, 'Рязанова Василиса Алексеевна');
INSERT INTO EMPLOYEES (ID, FIO) VALUES (71, 'Монаков Аким Адамович');
INSERT INTO EMPLOYEES (ID, FIO) VALUES (72, 'Верясова Владислава Вячеславовна');
INSERT INTO EMPLOYEES (ID, FIO) VALUES (73, 'Маслюк Чеслав Титович');
INSERT INTO EMPLOYEES (ID, FIO) VALUES (74, 'Боварин Никанор Тихонович');
INSERT INTO EMPLOYEES (ID, FIO) VALUES (75, 'Шимякина Яна Никитевна');
INSERT INTO EMPLOYEES (ID, FIO) VALUES (76, 'Пыхтин Евгений Иосифович');
INSERT INTO EMPLOYEES (ID, FIO) VALUES (77, 'Янчевский Владислав Гаврилевич');
INSERT INTO EMPLOYEES (ID, FIO) VALUES (78, 'Хватов Святослав Федотович');
INSERT INTO EMPLOYEES (ID, FIO) VALUES (79, 'Ягуткина Лилия Трофимовна');
INSERT INTO EMPLOYEES (ID, FIO) VALUES (80, 'Перехваткина Валентина Фомевна');
INSERT INTO EMPLOYEES (ID, FIO) VALUES (81, 'Грязнов Мирон Саввевич');
INSERT INTO EMPLOYEES (ID, FIO) VALUES (82, 'Ковалева Софья Елисеевна');
INSERT INTO EMPLOYEES (ID, FIO) VALUES (83, 'Прохоров Пахом Титович');
INSERT INTO EMPLOYEES (ID, FIO) VALUES (84, 'Малинина Пелагея Анатолиевна');
INSERT INTO EMPLOYEES (ID, FIO) VALUES (85, 'Анюкова Влада Геннадиевна');
INSERT INTO EMPLOYEES (ID, FIO) VALUES (86, 'Легкодимов Эммануил Феоктистович');
INSERT INTO EMPLOYEES (ID, FIO) VALUES (87, 'Графова Яна Кузьмевна');
INSERT INTO EMPLOYEES (ID, FIO) VALUES (88, 'Тюлепова Эмма Брониславовна');
INSERT INTO EMPLOYEES (ID, FIO) VALUES (89, 'Шульдешова Тамара Михеевна');
INSERT INTO EMPLOYEES (ID, FIO) VALUES (90, 'Хомколова Доминика Ивановна');
INSERT INTO EMPLOYEES (ID, FIO) VALUES (91, 'Дернов Всеслав Саввевич');
INSERT INTO EMPLOYEES (ID, FIO) VALUES (92, 'Нечаева Аза Константиновна');
INSERT INTO EMPLOYEES (ID, FIO) VALUES (93, 'Афанасьев Михаил Иванович');
INSERT INTO EMPLOYEES (ID, FIO) VALUES (94, 'Курышина Елена Игоревна');
INSERT INTO EMPLOYEES (ID, FIO) VALUES (95, 'Лужков Иосиф Капитонович');
INSERT INTO EMPLOYEES (ID, FIO) VALUES (96, 'Никулин Эрнест Тарасович');
INSERT INTO EMPLOYEES (ID, FIO) VALUES (97, 'Крупина Фаина Родионовна');
INSERT INTO EMPLOYEES (ID, FIO) VALUES (98, 'Чумакова Ефросиния Иларионовна');
INSERT INTO EMPLOYEES (ID, FIO) VALUES (99, 'Пончиков Павел Натанович');
INSERT INTO EMPLOYEES (ID, FIO) VALUES (100, 'Шилов Андриян Леонидович');

--LINK
INSERT INTO LNK (EMPLOYEE_ID, PROFESSION_ID, DEPARTMENT_ID) VALUES (1, 11, 11);
INSERT INTO LNK (EMPLOYEE_ID, PROFESSION_ID, DEPARTMENT_ID) VALUES (2, 12, 13);
INSERT INTO LNK (EMPLOYEE_ID, PROFESSION_ID, DEPARTMENT_ID) VALUES (3, 12, 12);
INSERT INTO LNK (EMPLOYEE_ID, PROFESSION_ID, DEPARTMENT_ID) VALUES (4, 12, 14);
INSERT INTO LNK (EMPLOYEE_ID, PROFESSION_ID, DEPARTMENT_ID) VALUES (5, 12, 15);
INSERT INTO LNK (EMPLOYEE_ID, PROFESSION_ID, DEPARTMENT_ID) VALUES (6, 12, 16);
INSERT INTO LNK (EMPLOYEE_ID, PROFESSION_ID, DEPARTMENT_ID) VALUES (7, 12, 17);
INSERT INTO LNK (EMPLOYEE_ID, PROFESSION_ID, DEPARTMENT_ID) VALUES (8, 12, 18);
INSERT INTO LNK (EMPLOYEE_ID, PROFESSION_ID, DEPARTMENT_ID) VALUES (9, 13, 13);
INSERT INTO LNK (EMPLOYEE_ID, PROFESSION_ID, DEPARTMENT_ID) VALUES (10, 13, 12);
INSERT INTO LNK (EMPLOYEE_ID, PROFESSION_ID, DEPARTMENT_ID) VALUES (11, 13, 14);
INSERT INTO LNK (EMPLOYEE_ID, PROFESSION_ID, DEPARTMENT_ID) VALUES (12, 13, 15);
INSERT INTO LNK (EMPLOYEE_ID, PROFESSION_ID, DEPARTMENT_ID) VALUES (13, 13, 16);
INSERT INTO LNK (EMPLOYEE_ID, PROFESSION_ID, DEPARTMENT_ID) VALUES (14, 13, 17);
INSERT INTO LNK (EMPLOYEE_ID, PROFESSION_ID, DEPARTMENT_ID) VALUES (15, 13, 18);
INSERT INTO LNK (EMPLOYEE_ID, PROFESSION_ID, DEPARTMENT_ID) VALUES (16, 14, 13);
INSERT INTO LNK (EMPLOYEE_ID, PROFESSION_ID, DEPARTMENT_ID) VALUES (17, 14, 12);
INSERT INTO LNK (EMPLOYEE_ID, PROFESSION_ID, DEPARTMENT_ID) VALUES (18, 14, 14);
INSERT INTO LNK (EMPLOYEE_ID, PROFESSION_ID, DEPARTMENT_ID) VALUES (19, 14, 15);
INSERT INTO LNK (EMPLOYEE_ID, PROFESSION_ID, DEPARTMENT_ID) VALUES (20, 14, 16);
INSERT INTO LNK (EMPLOYEE_ID, PROFESSION_ID, DEPARTMENT_ID) VALUES (21, 14, 17);
INSERT INTO LNK (EMPLOYEE_ID, PROFESSION_ID, DEPARTMENT_ID) VALUES (22, 14, 18);
INSERT INTO LNK (EMPLOYEE_ID, PROFESSION_ID, DEPARTMENT_ID) VALUES (23, 14, 12);
INSERT INTO LNK (EMPLOYEE_ID, PROFESSION_ID, DEPARTMENT_ID) VALUES (24, 14, 12);
INSERT INTO LNK (EMPLOYEE_ID, PROFESSION_ID, DEPARTMENT_ID) VALUES (25, 14, 14);
INSERT INTO LNK (EMPLOYEE_ID, PROFESSION_ID, DEPARTMENT_ID) VALUES (26, 14, 15);
INSERT INTO LNK (EMPLOYEE_ID, PROFESSION_ID, DEPARTMENT_ID) VALUES (27, 14, 16);
INSERT INTO LNK (EMPLOYEE_ID, PROFESSION_ID, DEPARTMENT_ID) VALUES (28, 14, 17);
INSERT INTO LNK (EMPLOYEE_ID, PROFESSION_ID, DEPARTMENT_ID) VALUES (29, 14, 18);
INSERT INTO LNK (EMPLOYEE_ID, PROFESSION_ID, DEPARTMENT_ID) VALUES (30, 15, 12);
INSERT INTO LNK (EMPLOYEE_ID, PROFESSION_ID, DEPARTMENT_ID) VALUES (31, 15, 12);
INSERT INTO LNK (EMPLOYEE_ID, PROFESSION_ID, DEPARTMENT_ID) VALUES (32, 15, 14);
INSERT INTO LNK (EMPLOYEE_ID, PROFESSION_ID, DEPARTMENT_ID) VALUES (33, 15, 15);
INSERT INTO LNK (EMPLOYEE_ID, PROFESSION_ID, DEPARTMENT_ID) VALUES (34, 15, 16);
INSERT INTO LNK (EMPLOYEE_ID, PROFESSION_ID, DEPARTMENT_ID) VALUES (35, 15, 17);
INSERT INTO LNK (EMPLOYEE_ID, PROFESSION_ID, DEPARTMENT_ID) VALUES (36, 15, 18);
INSERT INTO LNK (EMPLOYEE_ID, PROFESSION_ID, DEPARTMENT_ID) VALUES (37, 15, 14);
INSERT INTO LNK (EMPLOYEE_ID, PROFESSION_ID, DEPARTMENT_ID) VALUES (38, 15, 15);
INSERT INTO LNK (EMPLOYEE_ID, PROFESSION_ID, DEPARTMENT_ID) VALUES (39, 15, 16);
INSERT INTO LNK (EMPLOYEE_ID, PROFESSION_ID, DEPARTMENT_ID) VALUES (40, 15, 17);
INSERT INTO LNK (EMPLOYEE_ID, PROFESSION_ID, DEPARTMENT_ID) VALUES (41, 15, 18);
INSERT INTO LNK (EMPLOYEE_ID, PROFESSION_ID, DEPARTMENT_ID) VALUES (42, 15, 12);
INSERT INTO LNK (EMPLOYEE_ID, PROFESSION_ID, DEPARTMENT_ID) VALUES (43, 15, 12);
INSERT INTO LNK (EMPLOYEE_ID, PROFESSION_ID, DEPARTMENT_ID) VALUES (44, 15, 12);
INSERT INTO LNK (EMPLOYEE_ID, PROFESSION_ID, DEPARTMENT_ID) VALUES (45, 15, 12);
INSERT INTO LNK (EMPLOYEE_ID, PROFESSION_ID, DEPARTMENT_ID) VALUES (46, 15, 12);
INSERT INTO LNK (EMPLOYEE_ID, PROFESSION_ID, DEPARTMENT_ID) VALUES (47, 15, 12);
INSERT INTO LNK (EMPLOYEE_ID, PROFESSION_ID, DEPARTMENT_ID) VALUES (48, 15, 12);
INSERT INTO LNK (EMPLOYEE_ID, PROFESSION_ID, DEPARTMENT_ID) VALUES (49, 15, 12);
INSERT INTO LNK (EMPLOYEE_ID, PROFESSION_ID, DEPARTMENT_ID) VALUES (50, 15, 12);
INSERT INTO LNK (EMPLOYEE_ID, PROFESSION_ID, DEPARTMENT_ID) VALUES (51, 15, 12);
INSERT INTO LNK (EMPLOYEE_ID, PROFESSION_ID, DEPARTMENT_ID) VALUES (52, 15, 12);
INSERT INTO LNK (EMPLOYEE_ID, PROFESSION_ID, DEPARTMENT_ID) VALUES (53, 15, 12);
INSERT INTO LNK (EMPLOYEE_ID, PROFESSION_ID, DEPARTMENT_ID) VALUES (54, 15, 12);
INSERT INTO LNK (EMPLOYEE_ID, PROFESSION_ID, DEPARTMENT_ID) VALUES (55, 15, 14);
INSERT INTO LNK (EMPLOYEE_ID, PROFESSION_ID, DEPARTMENT_ID) VALUES (56, 15, 14);
INSERT INTO LNK (EMPLOYEE_ID, PROFESSION_ID, DEPARTMENT_ID) VALUES (57, 15, 14);
INSERT INTO LNK (EMPLOYEE_ID, PROFESSION_ID, DEPARTMENT_ID) VALUES (58, 15, 14);
INSERT INTO LNK (EMPLOYEE_ID, PROFESSION_ID, DEPARTMENT_ID) VALUES (59, 15, 14);
INSERT INTO LNK (EMPLOYEE_ID, PROFESSION_ID, DEPARTMENT_ID) VALUES (60, 15, 14);
INSERT INTO LNK (EMPLOYEE_ID, PROFESSION_ID, DEPARTMENT_ID) VALUES (61, 15, 14);
INSERT INTO LNK (EMPLOYEE_ID, PROFESSION_ID, DEPARTMENT_ID) VALUES (62, 15, 14);
INSERT INTO LNK (EMPLOYEE_ID, PROFESSION_ID, DEPARTMENT_ID) VALUES (63, 15, 14);
INSERT INTO LNK (EMPLOYEE_ID, PROFESSION_ID, DEPARTMENT_ID) VALUES (64, 15, 14);
INSERT INTO LNK (EMPLOYEE_ID, PROFESSION_ID, DEPARTMENT_ID) VALUES (65, 16, 14);
INSERT INTO LNK (EMPLOYEE_ID, PROFESSION_ID, DEPARTMENT_ID) VALUES (66, 16, 14);
INSERT INTO LNK (EMPLOYEE_ID, PROFESSION_ID, DEPARTMENT_ID) VALUES (67, 16, 14);
INSERT INTO LNK (EMPLOYEE_ID, PROFESSION_ID, DEPARTMENT_ID) VALUES (68, 16, 14);
INSERT INTO LNK (EMPLOYEE_ID, PROFESSION_ID, DEPARTMENT_ID) VALUES (69, 16, 14);
INSERT INTO LNK (EMPLOYEE_ID, PROFESSION_ID, DEPARTMENT_ID) VALUES (70, 16, 14);
INSERT INTO LNK (EMPLOYEE_ID, PROFESSION_ID, DEPARTMENT_ID) VALUES (71, 16, 14);
INSERT INTO LNK (EMPLOYEE_ID, PROFESSION_ID, DEPARTMENT_ID) VALUES (72, 16, 14);
INSERT INTO LNK (EMPLOYEE_ID, PROFESSION_ID, DEPARTMENT_ID) VALUES (73, 16, 14);
INSERT INTO LNK (EMPLOYEE_ID, PROFESSION_ID, DEPARTMENT_ID) VALUES (74, 16, 14);
INSERT INTO LNK (EMPLOYEE_ID, PROFESSION_ID, DEPARTMENT_ID) VALUES (75, 16, 14);
INSERT INTO LNK (EMPLOYEE_ID, PROFESSION_ID, DEPARTMENT_ID) VALUES (76, 16, 14);
INSERT INTO LNK (EMPLOYEE_ID, PROFESSION_ID, DEPARTMENT_ID) VALUES (77, 16, 14);
INSERT INTO LNK (EMPLOYEE_ID, PROFESSION_ID, DEPARTMENT_ID) VALUES (78, 16, 14);
INSERT INTO LNK (EMPLOYEE_ID, PROFESSION_ID, DEPARTMENT_ID) VALUES (79, 16, 14);
INSERT INTO LNK (EMPLOYEE_ID, PROFESSION_ID, DEPARTMENT_ID) VALUES (80, 16, 14);
INSERT INTO LNK (EMPLOYEE_ID, PROFESSION_ID, DEPARTMENT_ID) VALUES (81, 16, 14);
INSERT INTO LNK (EMPLOYEE_ID, PROFESSION_ID, DEPARTMENT_ID) VALUES (82, 16, 14);
INSERT INTO LNK (EMPLOYEE_ID, PROFESSION_ID, DEPARTMENT_ID) VALUES (83, 16, 14);
INSERT INTO LNK (EMPLOYEE_ID, PROFESSION_ID, DEPARTMENT_ID) VALUES (84, 16, 14);
INSERT INTO LNK (EMPLOYEE_ID, PROFESSION_ID, DEPARTMENT_ID) VALUES (85, 16, 14);
INSERT INTO LNK (EMPLOYEE_ID, PROFESSION_ID, DEPARTMENT_ID) VALUES (86, 16, 14);
INSERT INTO LNK (EMPLOYEE_ID, PROFESSION_ID, DEPARTMENT_ID) VALUES (87, 16, 14);
INSERT INTO LNK (EMPLOYEE_ID, PROFESSION_ID, DEPARTMENT_ID) VALUES (88, 16, 14);
INSERT INTO LNK (EMPLOYEE_ID, PROFESSION_ID, DEPARTMENT_ID) VALUES (89, 16, 14);
INSERT INTO LNK (EMPLOYEE_ID, PROFESSION_ID, DEPARTMENT_ID) VALUES (90, 16, 14);
INSERT INTO LNK (EMPLOYEE_ID, PROFESSION_ID, DEPARTMENT_ID) VALUES (91, 16, 14);
INSERT INTO LNK (EMPLOYEE_ID, PROFESSION_ID, DEPARTMENT_ID) VALUES (92, 16, 14);
INSERT INTO LNK (EMPLOYEE_ID, PROFESSION_ID, DEPARTMENT_ID) VALUES (93, 16, 14);
INSERT INTO LNK (EMPLOYEE_ID, PROFESSION_ID, DEPARTMENT_ID) VALUES (94, 16, 14);
INSERT INTO LNK (EMPLOYEE_ID, PROFESSION_ID, DEPARTMENT_ID) VALUES (95, 16, 14);
INSERT INTO LNK (EMPLOYEE_ID, PROFESSION_ID, DEPARTMENT_ID) VALUES (96, 16, 14);
INSERT INTO LNK (EMPLOYEE_ID, PROFESSION_ID, DEPARTMENT_ID) VALUES (97, 16, 14);
INSERT INTO LNK (EMPLOYEE_ID, PROFESSION_ID, DEPARTMENT_ID) VALUES (98, 16, 14);
INSERT INTO LNK (EMPLOYEE_ID, PROFESSION_ID, DEPARTMENT_ID) VALUES (99, 17, 13);
INSERT INTO LNK (EMPLOYEE_ID, PROFESSION_ID, DEPARTMENT_ID) VALUES (100, 17, 13);