--DEPARTMENT
INSERT INTO DEPARTMENT (ID, NAME, HEAD) VALUES (1, 'Организация', NULL);
INSERT INTO DEPARTMENT (ID, NAME, HEAD) VALUES (11, 'Руководство', 1);
INSERT INTO DEPARTMENT (ID, NAME, HEAD) VALUES (12, 'Отдел сбыта', 1);
INSERT INTO DEPARTMENT (ID, NAME, HEAD) VALUES (13, 'ИТ отдел', 1);
INSERT INTO DEPARTMENT (ID, NAME, HEAD) VALUES (14, 'Бухгалтерия', 1);
INSERT INTO DEPARTMENT (ID, NAME, HEAD) VALUES (15, 'Юридический отдел', 1);
INSERT INTO DEPARTMENT (ID, NAME, HEAD) VALUES (16, 'Отдел кадров', 1);
INSERT INTO DEPARTMENT (ID, NAME, HEAD) VALUES (17, 'Производственный отдел', 1);
INSERT INTO DEPARTMENT (ID, NAME, HEAD) VALUES (18, 'Хозяйственный отдел', 1);

--PROFESSION
INSERT INTO PROFESSION (ID, NAME) VALUES (11, 'Генеральный директор');
INSERT INTO PROFESSION (ID, NAME) VALUES (12, 'Начальник отдела');
INSERT INTO PROFESSION (ID, NAME) VALUES (13, 'Главный специалист');
INSERT INTO PROFESSION (ID, NAME) VALUES (14, 'Ведущий специалист');
INSERT INTO PROFESSION (ID, NAME) VALUES (15, 'Старший специалист');
INSERT INTO PROFESSION (ID, NAME) VALUES (16, 'Специалист');
INSERT INTO PROFESSION (ID, NAME) VALUES (17, 'Инженер');

--PERSON
INSERT INTO PERSON (ID, NAME, AVAILABLE) VALUES (1, 'Кривонос Дмитрий Феликсович', 1);
INSERT INTO PERSON (ID, NAME, AVAILABLE) VALUES (2, 'Сафонов Фома Капитонович', 1);
INSERT INTO PERSON (ID, NAME, AVAILABLE) VALUES (3, 'Нутрихина Стела Святославовна', 1);
INSERT INTO PERSON (ID, NAME, AVAILABLE) VALUES (4, 'Есенина Ева Семеновна', 1);
INSERT INTO PERSON (ID, NAME, AVAILABLE) VALUES (5, 'Невский Никифор Ипатиевич', 1);
INSERT INTO PERSON (ID, NAME, AVAILABLE) VALUES (6, 'Подкользина Лиана Игнатиевна', 1);
INSERT INTO PERSON (ID, NAME, AVAILABLE) VALUES (7, 'Медведков Артемий Якубович', 1);
INSERT INTO PERSON (ID, NAME, AVAILABLE) VALUES (8, 'Заседателев Демьян Елисеевич', 1);
INSERT INTO PERSON (ID, NAME, AVAILABLE) VALUES (9, 'Огородников Ипполит Ефремович', 1);
INSERT INTO PERSON (ID, NAME, AVAILABLE) VALUES (10, 'Капица Анастасия Брониславовна', 1);
INSERT INTO PERSON (ID, NAME, AVAILABLE) VALUES (11, 'Александрова Елена Карповна', 1);
INSERT INTO PERSON (ID, NAME, AVAILABLE) VALUES (12, 'Ожегов Роман Михаилович', 1);
INSERT INTO PERSON (ID, NAME, AVAILABLE) VALUES (13, 'Веселкова Светлана Елизаровна', 1);
INSERT INTO PERSON (ID, NAME, AVAILABLE) VALUES (14, 'Саянкова Ираида Афанасиевна', 1);
INSERT INTO PERSON (ID, NAME, AVAILABLE) VALUES (15, 'Дементьева Злата Павеловна', 1);
INSERT INTO PERSON (ID, NAME, AVAILABLE) VALUES (16, 'Хейчеева Инесса Вячеславовна', 1);
INSERT INTO PERSON (ID, NAME, AVAILABLE) VALUES (17, 'Сияновича Галина Евгениевна', 1);
INSERT INTO PERSON (ID, NAME, AVAILABLE) VALUES (18, 'Унтилова Светлана Родионовна', 1);
INSERT INTO PERSON (ID, NAME, AVAILABLE) VALUES (19, 'Попов Владилен Кириллович', 1);
INSERT INTO PERSON (ID, NAME, AVAILABLE) VALUES (20, 'Москвитина Оксана Брониславовна', 1);
INSERT INTO PERSON (ID, NAME, AVAILABLE) VALUES (21, 'Никитенко Константин Самсонович', 1);
INSERT INTO PERSON (ID, NAME, AVAILABLE) VALUES (22, 'Шангин Тимур Тихонович', 1);
INSERT INTO PERSON (ID, NAME, AVAILABLE) VALUES (23, 'Пирожков Тимур Егорович', 1);
INSERT INTO PERSON (ID, NAME, AVAILABLE) VALUES (24, 'Лассмана Елена Антониновна', 1);
INSERT INTO PERSON (ID, NAME, AVAILABLE) VALUES (25, 'Брюханов Агап Назарович', 1);
INSERT INTO PERSON (ID, NAME, AVAILABLE) VALUES (26, 'Плеханова Злата Данилевна', 1);
INSERT INTO PERSON (ID, NAME, AVAILABLE) VALUES (27, 'Белочкин Феофан Викентиевич', 1);
INSERT INTO PERSON (ID, NAME, AVAILABLE) VALUES (28, 'Казак Филипп Эрнестович', 1);
INSERT INTO PERSON (ID, NAME, AVAILABLE) VALUES (29, 'Мордвинов Геннадий Елизарович', 1);
INSERT INTO PERSON (ID, NAME, AVAILABLE) VALUES (30, 'Коротченко Пелагея Вячеславовна', 1);
INSERT INTO PERSON (ID, NAME, AVAILABLE) VALUES (31, 'Кураев Семён Ильевич', 1);
INSERT INTO PERSON (ID, NAME, AVAILABLE) VALUES (32, 'Янаева Алина Романовна', 1);
INSERT INTO PERSON (ID, NAME, AVAILABLE) VALUES (33, 'Левтев Измаил Натанович', 1);
INSERT INTO PERSON (ID, NAME, AVAILABLE) VALUES (34, 'Лысова Таисия Святославовна', 1);
INSERT INTO PERSON (ID, NAME, AVAILABLE) VALUES (35, 'Мозговой Ульяна Алексеевна', 1);
INSERT INTO PERSON (ID, NAME, AVAILABLE) VALUES (36, 'Блок Никифор Никифорович', 1);
INSERT INTO PERSON (ID, NAME, AVAILABLE) VALUES (37, 'Алеева Диана Потаповна', 1);
INSERT INTO PERSON (ID, NAME, AVAILABLE) VALUES (38, 'Салтыков Ярослав Леонович', 1);
INSERT INTO PERSON (ID, NAME, AVAILABLE) VALUES (39, 'Елисеева Зоя Владленовна', 1);
INSERT INTO PERSON (ID, NAME, AVAILABLE) VALUES (40, 'Чаадаева Мирослава Святославовна', 1);
INSERT INTO PERSON (ID, NAME, AVAILABLE) VALUES (41, 'Гайдук Адам Никанорович', 1);
INSERT INTO PERSON (ID, NAME, AVAILABLE) VALUES (42, 'Коновалов Лука Серафимович', 1);
INSERT INTO PERSON (ID, NAME, AVAILABLE) VALUES (43, 'Опекунов Тихон Юриевич', 1);
INSERT INTO PERSON (ID, NAME, AVAILABLE) VALUES (44, 'Максудов Максимильян Тихонович', 1);
INSERT INTO PERSON (ID, NAME, AVAILABLE) VALUES (45, 'Вотяков Евстигней Аникитевич', 1);
INSERT INTO PERSON (ID, NAME, AVAILABLE) VALUES (46, 'Лероев Святослав Капитонович', 1);
INSERT INTO PERSON (ID, NAME, AVAILABLE) VALUES (47, 'Цейдлерин Изяслав Пахомович', 1);
INSERT INTO PERSON (ID, NAME, AVAILABLE) VALUES (48, 'Пирогова Алина Родионовна', 1);
INSERT INTO PERSON (ID, NAME, AVAILABLE) VALUES (49, 'Ерофеева Дина Василиевна', 1);
INSERT INTO PERSON (ID, NAME, AVAILABLE) VALUES (50, 'Кондюрин Давид Валериевич', 1);
INSERT INTO PERSON (ID, NAME, AVAILABLE) VALUES (51, 'Гринин Кирилл Аникитевич', 1);
INSERT INTO PERSON (ID, NAME, AVAILABLE) VALUES (52, 'Болсунов Богдан Михеевич', 1);
INSERT INTO PERSON (ID, NAME, AVAILABLE) VALUES (53, 'Панькив Макар Казимирович', 1);
INSERT INTO PERSON (ID, NAME, AVAILABLE) VALUES (54, 'Осминин Борис Макарович', 1);
INSERT INTO PERSON (ID, NAME, AVAILABLE) VALUES (55, 'Яльцева Жанна Георгиевна', 1);
INSERT INTO PERSON (ID, NAME, AVAILABLE) VALUES (56, 'Нечаева Всеслава Иосифовна', 1);
INSERT INTO PERSON (ID, NAME, AVAILABLE) VALUES (57, 'Яндукина Инга Степановна', 1);
INSERT INTO PERSON (ID, NAME, AVAILABLE) VALUES (58, 'Ябловский Святослав Федотович', 1);
INSERT INTO PERSON (ID, NAME, AVAILABLE) VALUES (59, 'Калнберзин Мирон Брониславович', 1);
INSERT INTO PERSON (ID, NAME, AVAILABLE) VALUES (60, 'Шубин Всеслав Владиславович', 1);
INSERT INTO PERSON (ID, NAME, AVAILABLE) VALUES (61, 'Кулибин Остап Филиппович', 1);
INSERT INTO PERSON (ID, NAME, AVAILABLE) VALUES (62, 'Михеев Архип Игоревич', 1);
INSERT INTO PERSON (ID, NAME, AVAILABLE) VALUES (63, 'Бояринова Светлана Карповна', 1);
INSERT INTO PERSON (ID, NAME, AVAILABLE) VALUES (64, 'Горчаков Трофим Эрнстович', 1);
INSERT INTO PERSON (ID, NAME, AVAILABLE) VALUES (65, 'Ибрагимова Анисья Кузьмевна', 1);
INSERT INTO PERSON (ID, NAME, AVAILABLE) VALUES (66, 'Сочеванова Милена Захаровна', 1);
INSERT INTO PERSON (ID, NAME, AVAILABLE) VALUES (67, 'Яцкевич Евстигней Анатолиевич', 1);
INSERT INTO PERSON (ID, NAME, AVAILABLE) VALUES (68, 'Яхненко Мария Владиленовна', 1);
INSERT INTO PERSON (ID, NAME, AVAILABLE) VALUES (69, 'Титова Ника Феликсовна', 1);
INSERT INTO PERSON (ID, NAME, AVAILABLE) VALUES (70, 'Рязанова Василиса Алексеевна', 1);
INSERT INTO PERSON (ID, NAME, AVAILABLE) VALUES (71, 'Монаков Аким Адамович', 1);
INSERT INTO PERSON (ID, NAME, AVAILABLE) VALUES (72, 'Верясова Владислава Вячеславовна', 1);
INSERT INTO PERSON (ID, NAME, AVAILABLE) VALUES (73, 'Маслюк Чеслав Титович', 1);
INSERT INTO PERSON (ID, NAME, AVAILABLE) VALUES (74, 'Боварин Никанор Тихонович', 1);
INSERT INTO PERSON (ID, NAME, AVAILABLE) VALUES (75, 'Шимякина Яна Никитевна', 1);
INSERT INTO PERSON (ID, NAME, AVAILABLE) VALUES (76, 'Пыхтин Евгений Иосифович', 1);
INSERT INTO PERSON (ID, NAME, AVAILABLE) VALUES (77, 'Янчевский Владислав Гаврилевич', 1);
INSERT INTO PERSON (ID, NAME, AVAILABLE) VALUES (78, 'Хватов Святослав Федотович', 1);
INSERT INTO PERSON (ID, NAME, AVAILABLE) VALUES (79, 'Ягуткина Лилия Трофимовна', 1);
INSERT INTO PERSON (ID, NAME, AVAILABLE) VALUES (80, 'Перехваткина Валентина Фомевна', 1);
INSERT INTO PERSON (ID, NAME, AVAILABLE) VALUES (81, 'Грязнов Мирон Саввевич', 1);
INSERT INTO PERSON (ID, NAME, AVAILABLE) VALUES (82, 'Ковалева Софья Елисеевна', 1);
INSERT INTO PERSON (ID, NAME, AVAILABLE) VALUES (83, 'Прохоров Пахом Титович', 1);
INSERT INTO PERSON (ID, NAME, AVAILABLE) VALUES (84, 'Малинина Пелагея Анатолиевна', 1);
INSERT INTO PERSON (ID, NAME, AVAILABLE) VALUES (85, 'Анюкова Влада Геннадиевна', 1);
INSERT INTO PERSON (ID, NAME, AVAILABLE) VALUES (86, 'Легкодимов Эммануил Феоктистович', 1);
INSERT INTO PERSON (ID, NAME, AVAILABLE) VALUES (87, 'Графова Яна Кузьмевна', 1);
INSERT INTO PERSON (ID, NAME, AVAILABLE) VALUES (88, 'Тюлепова Эмма Брониславовна', 1);
INSERT INTO PERSON (ID, NAME, AVAILABLE) VALUES (89, 'Шульдешова Тамара Михеевна', 1);
INSERT INTO PERSON (ID, NAME, AVAILABLE) VALUES (90, 'Хомколова Доминика Ивановна', 0);
INSERT INTO PERSON (ID, NAME, AVAILABLE) VALUES (91, 'Дернов Всеслав Саввевич', 1);
INSERT INTO PERSON (ID, NAME, AVAILABLE) VALUES (92, 'Нечаева Аза Константиновна', 1);
INSERT INTO PERSON (ID, NAME, AVAILABLE) VALUES (93, 'Афанасьев Михаил Иванович', 1);
INSERT INTO PERSON (ID, NAME, AVAILABLE) VALUES (94, 'Курышина Елена Игоревна', 1);
INSERT INTO PERSON (ID, NAME, AVAILABLE) VALUES (95, 'Лужков Иосиф Капитонович', 1);
INSERT INTO PERSON (ID, NAME, AVAILABLE) VALUES (96, 'Никулин Эрнест Тарасович', 1);
INSERT INTO PERSON (ID, NAME, AVAILABLE) VALUES (97, 'Крупина Фаина Родионовна', 1);
INSERT INTO PERSON (ID, NAME, AVAILABLE) VALUES (98, 'Чумакова Ефросиния Иларионовна', 1);
INSERT INTO PERSON (ID, NAME, AVAILABLE) VALUES (99, 'Пончиков Павел Натанович', 1);
INSERT INTO PERSON (ID, NAME, AVAILABLE) VALUES (100, 'Шилов Андриян Леонидович', 1);

--EMPLOYEE
INSERT INTO EMPLOYEE (PERSON_ID, PROFESSION_ID, DEPARTMENT_ID, EMAIL, PHONE, MOBILE_PHONE, AVAILABLE) VALUES (1, 11, 11, 'aaabbbccc@mail.ru', '100', '', 1);
INSERT INTO EMPLOYEE (PERSON_ID, PROFESSION_ID, DEPARTMENT_ID, EMAIL, PHONE, MOBILE_PHONE, AVAILABLE) VALUES (2, 12, 13, 'aaabbbccc@mail.ru', '100', '', 1);
INSERT INTO EMPLOYEE (PERSON_ID, PROFESSION_ID, DEPARTMENT_ID, EMAIL, PHONE, MOBILE_PHONE, AVAILABLE) VALUES (3, 12, 12, 'aaabbbccc@mail.ru', '100', '', 1);
INSERT INTO EMPLOYEE (PERSON_ID, PROFESSION_ID, DEPARTMENT_ID, EMAIL, PHONE, MOBILE_PHONE, AVAILABLE) VALUES (4, 12, 14, 'aaabbbccc@mail.ru', '100', '', 1);
INSERT INTO EMPLOYEE (PERSON_ID, PROFESSION_ID, DEPARTMENT_ID, EMAIL, PHONE, MOBILE_PHONE, AVAILABLE) VALUES (5, 12, 15, 'aaabbbccc@mail.ru', '100', '', 1);
INSERT INTO EMPLOYEE (PERSON_ID, PROFESSION_ID, DEPARTMENT_ID, EMAIL, PHONE, MOBILE_PHONE, AVAILABLE) VALUES (6, 12, 16, 'aaabbbccc@mail.ru', '100', '', 1);
INSERT INTO EMPLOYEE (PERSON_ID, PROFESSION_ID, DEPARTMENT_ID, EMAIL, PHONE, MOBILE_PHONE, AVAILABLE) VALUES (7, 12, 17, 'aaabbbccc@mail.ru', '100', '', 1);
INSERT INTO EMPLOYEE (PERSON_ID, PROFESSION_ID, DEPARTMENT_ID, EMAIL, PHONE, MOBILE_PHONE, AVAILABLE) VALUES (8, 12, 18, 'aaabbbccc@mail.ru', '100', '', 1);
INSERT INTO EMPLOYEE (PERSON_ID, PROFESSION_ID, DEPARTMENT_ID, EMAIL, PHONE, MOBILE_PHONE, AVAILABLE) VALUES (9, 13, 13, 'aaabbbccc@mail.ru', '100', '', 1);
INSERT INTO EMPLOYEE (PERSON_ID, PROFESSION_ID, DEPARTMENT_ID, EMAIL, PHONE, MOBILE_PHONE, AVAILABLE) VALUES (10, 13, 12, 'aaabbbccc@mail.ru', '100', '', 1);
INSERT INTO EMPLOYEE (PERSON_ID, PROFESSION_ID, DEPARTMENT_ID, EMAIL, PHONE, MOBILE_PHONE, AVAILABLE) VALUES (11, 13, 14, 'aaabbbccc@mail.ru', '100', '', 1);
INSERT INTO EMPLOYEE (PERSON_ID, PROFESSION_ID, DEPARTMENT_ID, EMAIL, PHONE, MOBILE_PHONE, AVAILABLE) VALUES (12, 13, 15, 'aaabbbccc@mail.ru', '100', '', 1);
INSERT INTO EMPLOYEE (PERSON_ID, PROFESSION_ID, DEPARTMENT_ID, EMAIL, PHONE, MOBILE_PHONE, AVAILABLE) VALUES (13, 13, 16, 'aaabbbccc@mail.ru', '100', '', 1);
INSERT INTO EMPLOYEE (PERSON_ID, PROFESSION_ID, DEPARTMENT_ID, EMAIL, PHONE, MOBILE_PHONE, AVAILABLE) VALUES (14, 13, 17, 'aaabbbccc@mail.ru', '100', '', 1);
INSERT INTO EMPLOYEE (PERSON_ID, PROFESSION_ID, DEPARTMENT_ID, EMAIL, PHONE, MOBILE_PHONE, AVAILABLE) VALUES (15, 13, 18, 'aaabbbccc@mail.ru', '100', '', 1);
INSERT INTO EMPLOYEE (PERSON_ID, PROFESSION_ID, DEPARTMENT_ID, EMAIL, PHONE, MOBILE_PHONE, AVAILABLE) VALUES (16, 14, 13, 'aaabbbccc@mail.ru', '100', '', 1);
INSERT INTO EMPLOYEE (PERSON_ID, PROFESSION_ID, DEPARTMENT_ID, EMAIL, PHONE, MOBILE_PHONE, AVAILABLE) VALUES (17, 14, 12, 'aaabbbccc@mail.ru', '100', '', 1);
INSERT INTO EMPLOYEE (PERSON_ID, PROFESSION_ID, DEPARTMENT_ID, EMAIL, PHONE, MOBILE_PHONE, AVAILABLE) VALUES (18, 14, 14, 'aaabbbccc@mail.ru', '100', '', 1);
INSERT INTO EMPLOYEE (PERSON_ID, PROFESSION_ID, DEPARTMENT_ID, EMAIL, PHONE, MOBILE_PHONE, AVAILABLE) VALUES (19, 14, 15, 'aaabbbccc@mail.ru', '100', '', 1);
INSERT INTO EMPLOYEE (PERSON_ID, PROFESSION_ID, DEPARTMENT_ID, EMAIL, PHONE, MOBILE_PHONE, AVAILABLE) VALUES (20, 14, 16, 'aaabbbccc@mail.ru', '100', '', 1);
INSERT INTO EMPLOYEE (PERSON_ID, PROFESSION_ID, DEPARTMENT_ID, EMAIL, PHONE, MOBILE_PHONE, AVAILABLE) VALUES (21, 14, 17, 'aaabbbccc@mail.ru', '100', '', 1);
INSERT INTO EMPLOYEE (PERSON_ID, PROFESSION_ID, DEPARTMENT_ID, EMAIL, PHONE, MOBILE_PHONE, AVAILABLE) VALUES (22, 14, 18, 'aaabbbccc@mail.ru', '100', '', 1);
INSERT INTO EMPLOYEE (PERSON_ID, PROFESSION_ID, DEPARTMENT_ID, EMAIL, PHONE, MOBILE_PHONE, AVAILABLE) VALUES (23, 14, 12, 'aaabbbccc@mail.ru', '100', '', 1);
INSERT INTO EMPLOYEE (PERSON_ID, PROFESSION_ID, DEPARTMENT_ID, EMAIL, PHONE, MOBILE_PHONE, AVAILABLE) VALUES (24, 14, 12, 'aaabbbccc@mail.ru', '100', '', 1);
INSERT INTO EMPLOYEE (PERSON_ID, PROFESSION_ID, DEPARTMENT_ID, EMAIL, PHONE, MOBILE_PHONE, AVAILABLE) VALUES (25, 14, 14, 'aaabbbccc@mail.ru', '100', '', 1);
INSERT INTO EMPLOYEE (PERSON_ID, PROFESSION_ID, DEPARTMENT_ID, EMAIL, PHONE, MOBILE_PHONE, AVAILABLE) VALUES (26, 14, 15, 'aaabbbccc@mail.ru', '100', '', 1);
INSERT INTO EMPLOYEE (PERSON_ID, PROFESSION_ID, DEPARTMENT_ID, EMAIL, PHONE, MOBILE_PHONE, AVAILABLE) VALUES (27, 14, 16, 'aaabbbccc@mail.ru', '100', '', 1);
INSERT INTO EMPLOYEE (PERSON_ID, PROFESSION_ID, DEPARTMENT_ID, EMAIL, PHONE, MOBILE_PHONE, AVAILABLE) VALUES (28, 14, 17, 'aaabbbccc@mail.ru', '100', '', 1);
INSERT INTO EMPLOYEE (PERSON_ID, PROFESSION_ID, DEPARTMENT_ID, EMAIL, PHONE, MOBILE_PHONE, AVAILABLE) VALUES (29, 14, 18, 'aaabbbccc@mail.ru', '100', '', 1);
INSERT INTO EMPLOYEE (PERSON_ID, PROFESSION_ID, DEPARTMENT_ID, EMAIL, PHONE, MOBILE_PHONE, AVAILABLE) VALUES (30, 15, 12, 'aaabbbccc@mail.ru', '100', '', 1);
INSERT INTO EMPLOYEE (PERSON_ID, PROFESSION_ID, DEPARTMENT_ID, EMAIL, PHONE, MOBILE_PHONE, AVAILABLE) VALUES (31, 15, 12, 'aaabbbccc@mail.ru', '100', '', 1);
INSERT INTO EMPLOYEE (PERSON_ID, PROFESSION_ID, DEPARTMENT_ID, EMAIL, PHONE, MOBILE_PHONE, AVAILABLE) VALUES (32, 15, 14, 'aaabbbccc@mail.ru', '100', '', 1);
INSERT INTO EMPLOYEE (PERSON_ID, PROFESSION_ID, DEPARTMENT_ID, EMAIL, PHONE, MOBILE_PHONE, AVAILABLE) VALUES (33, 15, 15, 'aaabbbccc@mail.ru', '100', '', 1);
INSERT INTO EMPLOYEE (PERSON_ID, PROFESSION_ID, DEPARTMENT_ID, EMAIL, PHONE, MOBILE_PHONE, AVAILABLE) VALUES (34, 15, 16, 'aaabbbccc@mail.ru', '100', '', 1);
INSERT INTO EMPLOYEE (PERSON_ID, PROFESSION_ID, DEPARTMENT_ID, EMAIL, PHONE, MOBILE_PHONE, AVAILABLE) VALUES (35, 15, 17, 'aaabbbccc@mail.ru', '100', '', 1);
INSERT INTO EMPLOYEE (PERSON_ID, PROFESSION_ID, DEPARTMENT_ID, EMAIL, PHONE, MOBILE_PHONE, AVAILABLE) VALUES (36, 15, 18, 'aaabbbccc@mail.ru', '100', '', 1);
INSERT INTO EMPLOYEE (PERSON_ID, PROFESSION_ID, DEPARTMENT_ID, EMAIL, PHONE, MOBILE_PHONE, AVAILABLE) VALUES (37, 15, 14, 'aaabbbccc@mail.ru', '100', '', 1);
INSERT INTO EMPLOYEE (PERSON_ID, PROFESSION_ID, DEPARTMENT_ID, EMAIL, PHONE, MOBILE_PHONE, AVAILABLE) VALUES (38, 15, 15, 'aaabbbccc@mail.ru', '100', '', 1);
INSERT INTO EMPLOYEE (PERSON_ID, PROFESSION_ID, DEPARTMENT_ID, EMAIL, PHONE, MOBILE_PHONE, AVAILABLE) VALUES (39, 15, 16, 'aaabbbccc@mail.ru', '100', '', 1);
INSERT INTO EMPLOYEE (PERSON_ID, PROFESSION_ID, DEPARTMENT_ID, EMAIL, PHONE, MOBILE_PHONE, AVAILABLE) VALUES (40, 15, 17, 'aaabbbccc@mail.ru', '100', '', 1);
INSERT INTO EMPLOYEE (PERSON_ID, PROFESSION_ID, DEPARTMENT_ID, EMAIL, PHONE, MOBILE_PHONE, AVAILABLE) VALUES (41, 15, 18, 'aaabbbccc@mail.ru', '100', '', 1);
INSERT INTO EMPLOYEE (PERSON_ID, PROFESSION_ID, DEPARTMENT_ID, EMAIL, PHONE, MOBILE_PHONE, AVAILABLE) VALUES (42, 15, 12, 'aaabbbccc@mail.ru', '100', '', 1);
INSERT INTO EMPLOYEE (PERSON_ID, PROFESSION_ID, DEPARTMENT_ID, EMAIL, PHONE, MOBILE_PHONE, AVAILABLE) VALUES (43, 15, 12, 'aaabbbccc@mail.ru', '100', '', 1);
INSERT INTO EMPLOYEE (PERSON_ID, PROFESSION_ID, DEPARTMENT_ID, EMAIL, PHONE, MOBILE_PHONE, AVAILABLE) VALUES (44, 15, 12, 'aaabbbccc@mail.ru', '100', '', 1);
INSERT INTO EMPLOYEE (PERSON_ID, PROFESSION_ID, DEPARTMENT_ID, EMAIL, PHONE, MOBILE_PHONE, AVAILABLE) VALUES (45, 15, 12, 'aaabbbccc@mail.ru', '100', '', 1);
INSERT INTO EMPLOYEE (PERSON_ID, PROFESSION_ID, DEPARTMENT_ID, EMAIL, PHONE, MOBILE_PHONE, AVAILABLE) VALUES (46, 15, 12, 'aaabbbccc@mail.ru', '100', '', 1);
INSERT INTO EMPLOYEE (PERSON_ID, PROFESSION_ID, DEPARTMENT_ID, EMAIL, PHONE, MOBILE_PHONE, AVAILABLE) VALUES (47, 15, 12, 'aaabbbccc@mail.ru', '100', '', 1);
INSERT INTO EMPLOYEE (PERSON_ID, PROFESSION_ID, DEPARTMENT_ID, EMAIL, PHONE, MOBILE_PHONE, AVAILABLE) VALUES (48, 15, 12, 'aaabbbccc@mail.ru', '100', '', 1);
INSERT INTO EMPLOYEE (PERSON_ID, PROFESSION_ID, DEPARTMENT_ID, EMAIL, PHONE, MOBILE_PHONE, AVAILABLE) VALUES (49, 15, 12, 'aaabbbccc@mail.ru', '100', '', 1);
INSERT INTO EMPLOYEE (PERSON_ID, PROFESSION_ID, DEPARTMENT_ID, EMAIL, PHONE, MOBILE_PHONE, AVAILABLE) VALUES (50, 15, 12, 'aaabbbccc@mail.ru', '100', '', 1);
INSERT INTO EMPLOYEE (PERSON_ID, PROFESSION_ID, DEPARTMENT_ID, EMAIL, PHONE, MOBILE_PHONE, AVAILABLE) VALUES (51, 15, 12, 'aaabbbccc@mail.ru', '100', '', 1);
INSERT INTO EMPLOYEE (PERSON_ID, PROFESSION_ID, DEPARTMENT_ID, EMAIL, PHONE, MOBILE_PHONE, AVAILABLE) VALUES (52, 15, 12, 'aaabbbccc@mail.ru', '100', '', 1);
INSERT INTO EMPLOYEE (PERSON_ID, PROFESSION_ID, DEPARTMENT_ID, EMAIL, PHONE, MOBILE_PHONE, AVAILABLE) VALUES (53, 15, 12, 'aaabbbccc@mail.ru', '100', '', 1);
INSERT INTO EMPLOYEE (PERSON_ID, PROFESSION_ID, DEPARTMENT_ID, EMAIL, PHONE, MOBILE_PHONE, AVAILABLE) VALUES (54, 15, 12, 'aaabbbccc@mail.ru', '100', '', 1);
INSERT INTO EMPLOYEE (PERSON_ID, PROFESSION_ID, DEPARTMENT_ID, EMAIL, PHONE, MOBILE_PHONE, AVAILABLE) VALUES (55, 15, 14, 'aaabbbccc@mail.ru', '100', '', 1);
INSERT INTO EMPLOYEE (PERSON_ID, PROFESSION_ID, DEPARTMENT_ID, EMAIL, PHONE, MOBILE_PHONE, AVAILABLE) VALUES (56, 15, 14, 'aaabbbccc@mail.ru', '100', '', 1);
INSERT INTO EMPLOYEE (PERSON_ID, PROFESSION_ID, DEPARTMENT_ID, EMAIL, PHONE, MOBILE_PHONE, AVAILABLE) VALUES (57, 15, 14, 'aaabbbccc@mail.ru', '100', '', 1);
INSERT INTO EMPLOYEE (PERSON_ID, PROFESSION_ID, DEPARTMENT_ID, EMAIL, PHONE, MOBILE_PHONE, AVAILABLE) VALUES (58, 15, 14, 'aaabbbccc@mail.ru', '100', '', 1);
INSERT INTO EMPLOYEE (PERSON_ID, PROFESSION_ID, DEPARTMENT_ID, EMAIL, PHONE, MOBILE_PHONE, AVAILABLE) VALUES (59, 15, 14, 'aaabbbccc@mail.ru', '100', '', 1);
INSERT INTO EMPLOYEE (PERSON_ID, PROFESSION_ID, DEPARTMENT_ID, EMAIL, PHONE, MOBILE_PHONE, AVAILABLE) VALUES (60, 15, 14, 'aaabbbccc@mail.ru', '100', '', 1);
INSERT INTO EMPLOYEE (PERSON_ID, PROFESSION_ID, DEPARTMENT_ID, EMAIL, PHONE, MOBILE_PHONE, AVAILABLE) VALUES (61, 15, 14, 'aaabbbccc@mail.ru', '100', '', 1);
INSERT INTO EMPLOYEE (PERSON_ID, PROFESSION_ID, DEPARTMENT_ID, EMAIL, PHONE, MOBILE_PHONE, AVAILABLE) VALUES (62, 15, 14, 'aaabbbccc@mail.ru', '100', '', 1);
INSERT INTO EMPLOYEE (PERSON_ID, PROFESSION_ID, DEPARTMENT_ID, EMAIL, PHONE, MOBILE_PHONE, AVAILABLE) VALUES (63, 15, 14, 'aaabbbccc@mail.ru', '100', '', 1);
INSERT INTO EMPLOYEE (PERSON_ID, PROFESSION_ID, DEPARTMENT_ID, EMAIL, PHONE, MOBILE_PHONE, AVAILABLE) VALUES (64, 15, 14, 'aaabbbccc@mail.ru', '100', '', 1);
INSERT INTO EMPLOYEE (PERSON_ID, PROFESSION_ID, DEPARTMENT_ID, EMAIL, PHONE, MOBILE_PHONE, AVAILABLE) VALUES (65, 16, 14, 'aaabbbccc@mail.ru', '100', '', 1);
INSERT INTO EMPLOYEE (PERSON_ID, PROFESSION_ID, DEPARTMENT_ID, EMAIL, PHONE, MOBILE_PHONE, AVAILABLE) VALUES (66, 16, 14, 'aaabbbccc@mail.ru', '100', '', 1);
INSERT INTO EMPLOYEE (PERSON_ID, PROFESSION_ID, DEPARTMENT_ID, EMAIL, PHONE, MOBILE_PHONE, AVAILABLE) VALUES (67, 16, 14, 'aaabbbccc@mail.ru', '100', '', 1);
INSERT INTO EMPLOYEE (PERSON_ID, PROFESSION_ID, DEPARTMENT_ID, EMAIL, PHONE, MOBILE_PHONE, AVAILABLE) VALUES (68, 16, 14, 'aaabbbccc@mail.ru', '100', '', 1);
INSERT INTO EMPLOYEE (PERSON_ID, PROFESSION_ID, DEPARTMENT_ID, EMAIL, PHONE, MOBILE_PHONE, AVAILABLE) VALUES (69, 16, 14, 'aaabbbccc@mail.ru', '100', '', 1);
INSERT INTO EMPLOYEE (PERSON_ID, PROFESSION_ID, DEPARTMENT_ID, EMAIL, PHONE, MOBILE_PHONE, AVAILABLE) VALUES (70, 16, 14, 'aaabbbccc@mail.ru', '100', '', 1);
INSERT INTO EMPLOYEE (PERSON_ID, PROFESSION_ID, DEPARTMENT_ID, EMAIL, PHONE, MOBILE_PHONE, AVAILABLE) VALUES (71, 16, 14, 'aaabbbccc@mail.ru', '100', '', 1);
INSERT INTO EMPLOYEE (PERSON_ID, PROFESSION_ID, DEPARTMENT_ID, EMAIL, PHONE, MOBILE_PHONE, AVAILABLE) VALUES (72, 16, 14, 'aaabbbccc@mail.ru', '100', '', 1);
INSERT INTO EMPLOYEE (PERSON_ID, PROFESSION_ID, DEPARTMENT_ID, EMAIL, PHONE, MOBILE_PHONE, AVAILABLE) VALUES (73, 16, 14, 'aaabbbccc@mail.ru', '100', '', 1);
INSERT INTO EMPLOYEE (PERSON_ID, PROFESSION_ID, DEPARTMENT_ID, EMAIL, PHONE, MOBILE_PHONE, AVAILABLE) VALUES (74, 16, 14, 'aaabbbccc@mail.ru', '100', '', 1);
INSERT INTO EMPLOYEE (PERSON_ID, PROFESSION_ID, DEPARTMENT_ID, EMAIL, PHONE, MOBILE_PHONE, AVAILABLE) VALUES (75, 16, 14, 'aaabbbccc@mail.ru', '100', '', 1);
INSERT INTO EMPLOYEE (PERSON_ID, PROFESSION_ID, DEPARTMENT_ID, EMAIL, PHONE, MOBILE_PHONE, AVAILABLE) VALUES (76, 16, 14, 'aaabbbccc@mail.ru', '100', '', 1);
INSERT INTO EMPLOYEE (PERSON_ID, PROFESSION_ID, DEPARTMENT_ID, EMAIL, PHONE, MOBILE_PHONE, AVAILABLE) VALUES (77, 16, 14, 'aaabbbccc@mail.ru', '100', '', 1);
INSERT INTO EMPLOYEE (PERSON_ID, PROFESSION_ID, DEPARTMENT_ID, EMAIL, PHONE, MOBILE_PHONE, AVAILABLE) VALUES (78, 16, 14, 'aaabbbccc@mail.ru', '100', '', 1);
INSERT INTO EMPLOYEE (PERSON_ID, PROFESSION_ID, DEPARTMENT_ID, EMAIL, PHONE, MOBILE_PHONE, AVAILABLE) VALUES (79, 16, 14, 'aaabbbccc@mail.ru', '100', '', 1);
INSERT INTO EMPLOYEE (PERSON_ID, PROFESSION_ID, DEPARTMENT_ID, EMAIL, PHONE, MOBILE_PHONE, AVAILABLE) VALUES (80, 16, 14, 'aaabbbccc@mail.ru', '100', '', 1);
INSERT INTO EMPLOYEE (PERSON_ID, PROFESSION_ID, DEPARTMENT_ID, EMAIL, PHONE, MOBILE_PHONE, AVAILABLE) VALUES (81, 16, 14, 'aaabbbccc@mail.ru', '100', '', 1);
INSERT INTO EMPLOYEE (PERSON_ID, PROFESSION_ID, DEPARTMENT_ID, EMAIL, PHONE, MOBILE_PHONE, AVAILABLE) VALUES (82, 16, 14, 'aaabbbccc@mail.ru', '100', '', 1);
INSERT INTO EMPLOYEE (PERSON_ID, PROFESSION_ID, DEPARTMENT_ID, EMAIL, PHONE, MOBILE_PHONE, AVAILABLE) VALUES (83, 16, 14, 'aaabbbccc@mail.ru', '100', '', 1);
INSERT INTO EMPLOYEE (PERSON_ID, PROFESSION_ID, DEPARTMENT_ID, EMAIL, PHONE, MOBILE_PHONE, AVAILABLE) VALUES (84, 16, 14, 'aaabbbccc@mail.ru', '100', '', 1);
INSERT INTO EMPLOYEE (PERSON_ID, PROFESSION_ID, DEPARTMENT_ID, EMAIL, PHONE, MOBILE_PHONE, AVAILABLE) VALUES (85, 16, 14, 'aaabbbccc@mail.ru', '100', '', 1);
INSERT INTO EMPLOYEE (PERSON_ID, PROFESSION_ID, DEPARTMENT_ID, EMAIL, PHONE, MOBILE_PHONE, AVAILABLE) VALUES (86, 16, 14, 'aaabbbccc@mail.ru', '100', '', 1);
INSERT INTO EMPLOYEE (PERSON_ID, PROFESSION_ID, DEPARTMENT_ID, EMAIL, PHONE, MOBILE_PHONE, AVAILABLE) VALUES (87, 16, 14, 'aaabbbccc@mail.ru', '100', '', 1);
INSERT INTO EMPLOYEE (PERSON_ID, PROFESSION_ID, DEPARTMENT_ID, EMAIL, PHONE, MOBILE_PHONE, AVAILABLE) VALUES (88, 16, 14, 'aaabbbccc@mail.ru', '100', '', 1);
INSERT INTO EMPLOYEE (PERSON_ID, PROFESSION_ID, DEPARTMENT_ID, EMAIL, PHONE, MOBILE_PHONE, AVAILABLE) VALUES (89, 16, 14, 'aaabbbccc@mail.ru', '100', '', 1);
INSERT INTO EMPLOYEE (PERSON_ID, PROFESSION_ID, DEPARTMENT_ID, EMAIL, PHONE, MOBILE_PHONE, AVAILABLE) VALUES (90, 16, 14, 'aaabbbccc@mail.ru', '100', '', 1);
INSERT INTO EMPLOYEE (PERSON_ID, PROFESSION_ID, DEPARTMENT_ID, EMAIL, PHONE, MOBILE_PHONE, AVAILABLE) VALUES (91, 16, 14, 'aaabbbccc@mail.ru', '100', '', 1);
INSERT INTO EMPLOYEE (PERSON_ID, PROFESSION_ID, DEPARTMENT_ID, EMAIL, PHONE, MOBILE_PHONE, AVAILABLE) VALUES (92, 16, 14, 'aaabbbccc@mail.ru', '100', '', 1);
INSERT INTO EMPLOYEE (PERSON_ID, PROFESSION_ID, DEPARTMENT_ID, EMAIL, PHONE, MOBILE_PHONE, AVAILABLE) VALUES (93, 16, 14, 'aaabbbccc@mail.ru', '100', '', 1);
INSERT INTO EMPLOYEE (PERSON_ID, PROFESSION_ID, DEPARTMENT_ID, EMAIL, PHONE, MOBILE_PHONE, AVAILABLE) VALUES (94, 16, 14, 'aaabbbccc@mail.ru', '100', '', 1);
INSERT INTO EMPLOYEE (PERSON_ID, PROFESSION_ID, DEPARTMENT_ID, EMAIL, PHONE, MOBILE_PHONE, AVAILABLE) VALUES (95, 16, 14, 'aaabbbccc@mail.ru', '100', '', 1);
INSERT INTO EMPLOYEE (PERSON_ID, PROFESSION_ID, DEPARTMENT_ID, EMAIL, PHONE, MOBILE_PHONE, AVAILABLE) VALUES (96, 16, 14, 'aaabbbccc@mail.ru', '100', '', 1);
INSERT INTO EMPLOYEE (PERSON_ID, PROFESSION_ID, DEPARTMENT_ID, EMAIL, PHONE, MOBILE_PHONE, AVAILABLE) VALUES (97, 16, 14, 'aaabbbccc@mail.ru', '100', '', 1);
INSERT INTO EMPLOYEE (PERSON_ID, PROFESSION_ID, DEPARTMENT_ID, EMAIL, PHONE, MOBILE_PHONE, AVAILABLE) VALUES (98, 16, 14, 'aaabbbccc@mail.ru', '100', '', 1);
INSERT INTO EMPLOYEE (PERSON_ID, PROFESSION_ID, DEPARTMENT_ID, EMAIL, PHONE, MOBILE_PHONE, AVAILABLE) VALUES (99, 17, 13, 'aaabbbccc@mail.ru', '100', '', 1);
INSERT INTO EMPLOYEE (PERSON_ID, PROFESSION_ID, DEPARTMENT_ID, EMAIL, PHONE, MOBILE_PHONE, AVAILABLE) VALUES (100, 17, 13, 'aaabbbccc@mail.ru', '100', '', 1);

--USER
INSERT INTO USER (ID, USERNAME, PASSWORD) VALUES (1, 'root', '$2a$11$wrYnoZDU80uTyTKm92qlY.7v9hA56mJo5Ql3B7ksOVLhHmPfr5Xbm');

--ROLES
INSERT INTO ROLE (ID, NAME) VALUES (1, 'ROLE_USER');
INSERT INTO ROLE (ID, NAME) VALUES (2, 'ROLE_ADMIN');

--USERS AND ROLES
INSERT INTO USER_ROLES (USER_ID, ROLE_ID) VALUES (1, 2);